motion_class,num_agents,mean_horizon,fixed5_fde,adaptive_fde,fde_reduction
high_dynamics,15,3.0,3.1479456147585334,1.5167651842967698,1.6311804304617639
smooth,98,5.0,1.346285964810057,1.346285964810057,0.0
stationary,49,2.0,0.4957479340437285,0.1899884631209762,0.30575947092275224
