predictor,ade,fde,angular_error_deg,uncertainty,timing_penalty_s,iape
CV,0.7313378921035619,1.6189443192190642,23.344303994053327,2.0,82.6108280254777,69.39668767179792
KF,0.7995160522786962,1.6771518208273752,25.819633690535962,4.498942005599058,76.24904458598726,65.27799191768871
