horizon_s,num_agents,cv_ade,cv_fde,kf_ade,kf_fde,uncertainty
1.0,465,0.1094623408020156,0.20264498467763972,0.15540816867646678,0.2634680943915424,1.8693908226907046
2.0,373,0.21859481182178805,0.4639271585796648,0.2846584991676937,0.5552257950302721,3.40966079468635
3.0,299,0.36058136176551076,0.7997669113176876,0.4352340531300798,0.9000909439389796,5.119384375469849
5.0,209,0.6750509087054805,1.5217815880807428,0.7571349999136875,1.6060392228507798,9.007411367536497
8.0,127,1.1387099727744119,2.58455951864863,1.244818511379173,2.68448392038758,15.874248917428197
