object_type,num_agents,cv_ade,cv_fde,kf_ade,kf_fde,best_ade_method
cyclist,8,0.8894386523011941,2.05822624007611,1.1032814192429399,2.3471528903486147,CV
pedestrian,97,0.2048027681637896,0.42545783963844347,0.24089651652378288,0.47007936894750063,CV
